ID,Predicted_Label_model1,score_model1,Predicted_Label_model2,score_model2,Predicted_Label_model3,score_model3,True_Label,final_prediction_score,final_prediction
008liaopinghua.nii.gz,1,0.245819779,1,0.976194799,1,0.40685063,0,0.618485213,1
009liyuexian.nii.gz,1,0.32533306,0,0.238597885,1,0.176316649,1,0.216130785,0
1584ZHANG JIAN LING.nii.gz,0,0.162473498,0,0.231692895,0,0.038340392,0,0.128094704,0
159ZHANG RONG FEN.nii.gz,0,0.086031295,1,0.780480862,1,0.268928421,0,0.455259685,1
165YE HONG YAN.nii.gz,1,0.165035454,0,0.45093894,1,0.456540709,0,0.425149476,1
198GU YI.nii.gz,0,0.145148641,0,0.409787267,0,0.091271502,0,0.224065522,0
2146WANG XI LAI.nii.gz,0,0.13324722,0,0.272992224,0,0.024100024,0,0.134571624,0
2343LI GUANG QIONG.nii.gz,0,0.112451173,1,0.90119946,0,0.022296292,1,0.382873047,1
2561 BO CAI.nii.gz,0,0.0784891,1,0.550218344,0,0.093861484,0,0.27486699,0
2571 CHEN AI HUA.nii.gz,0,0.093055067,0,0.065607734,0,0.011834258,0,0.041465729,0
2574 CHEN FENG FEI.nii.gz,1,0.359935419,0,0.251819283,0,0.094139706,0,0.183791108,0
2582 CHEN JING RU.nii.gz,0,0.124884532,0,0.252453238,1,0.220585243,1,0.22376237,0
2620 DING HONG YUN.nii.gz,0,0.145820729,0,0.123390332,0,0.025760769,0,0.07681859,0
2626 DONG MENG YUN.nii.gz,0,0.100968099,0,0.313782811,0,0.005901649,0,0.138560759,0
2640 DUAN LI.nii.gz,0,0.111673565,0,0.482975453,0,0.01887628,0,0.213795678,0
2705 LI MEI LING.nii.gz,0,0.098974514,0,0.230695173,0,0.024027109,0,0.114189075,0
2715 LI SHU QIONG.nii.gz,1,0.224988235,1,0.916998804,1,0.645819665,1,0.712208178,1
2825 MIAO SU JIANG.nii.gz,0,0.104455423,0,0.30751577,0,0.073631516,0,0.170267608,0
2827 MIU YONG ZHEN.nii.gz,0,0.091157225,0,0.221986443,0,0.026927621,0,0.11137411,0
2887 SU WEN QIN.nii.gz,0,0.114775059,0,0.252913266,0,0.005508638,0,0.115397131,0
2888 SU XIAN HUI.nii.gz,0,0.113707039,0,0.423992276,0,0.089724467,0,0.225829848,0
2899 TANG SHI LIU.nii.gz,0,0.10664268,1,0.771702766,0,0.147409632,1,0.39305019,1
2969 WEN XIU QIN.nii.gz,0,0.100197925,0,0.101962455,0,0.009564384,0,0.055586966,0
2973 WU JIA HUAN.nii.gz,0,0.083808127,0,0.467586547,1,0.376488074,0,0.383659469,1
2975 WU SHAO FENG.nii.gz,0,0.111544134,1,0.931649268,1,0.322745411,0,0.545186826,1
2997 XU CHUN MEI.nii.gz,1,0.164506044,0,0.359696984,0,0.116860863,0,0.21875983,0
3001 XU JUAN.nii.gz,1,0.191567961,0,0.334094316,1,0.200533284,1,0.253061165,0
3023 YANG GUI QIN.nii.gz,1,0.205757032,1,0.917737603,0,0.094782713,0,0.435062101,1
3026 YANG HUA.nii.gz,0,0.085024586,1,0.945071936,0,0.032124284,0,0.402593375,1
3236 CHEN JIAO.nii.gz,0,0.099665369,0,0.269619465,1,0.177203478,0,0.206416062,0
3257 CUI FENG KUN.nii.gz,0,0.162024345,1,0.566834807,1,0.249707262,0,0.367789988,0
3278 DONG XI SHUN.nii.gz,0,0.068567167,0,0.096275099,0,0.008950315,0,0.049841914,0
3285 DU YU FEN.nii.gz,0,0.126814652,0,0.188555673,0,0.017184815,0,0.096696142,0
3298 FANG HUI.nii.gz,0,0.10931269,0,0.276585728,0,0.015910144,0,0.129520632,0
3303 FU GAI QIONG.nii.gz,1,0.18788479,0,0.469094157,0,0.01796,0,0.215406142,0
3316 GE YAN HONG.nii.gz,0,0.07935776,0,0.415493816,0,0.038249997,0,0.193258301,0
3361 HU AI HUI.nii.gz,0,0.06795758,0,0.377541184,0,0.010746872,0,0.163185668,0
3378 HUANG SHAN.nii.gz,0,0.11778141,0,0.087719671,0,0.009738163,0,0.051735091,0
3390 JIANG LIU FEN.nii.gz,0,0.073579061,0,0.193752989,0,0.043572983,0,0.106645593,0
3398 KONG LING JU.nii.gz,1,0.169780324,1,0.692935288,1,0.466939765,1,0.52762203,1
3427 LI HAI FANG.nii.gz,0,0.074727838,0,0.434024096,0,0.021580903,0,0.191872874,0
3440 LI JING.nii.gz,0,0.153364814,0,0.082604997,0,0.036868569,0,0.066812765,0
3442 LI LI HONG.nii.gz,0,0.129065546,0,0.231478825,0,0.035210649,0,0.123103409,0
3519 LIU SHAO MEI.nii.gz,0,0.069095152,1,0.668187559,0,0.08338993,0,0.315879504,0
3594 PEI LEI.nii.gz,1,0.164866856,0,0.440378129,0,0.102927954,0,0.244101914,0
3684 YE QIONG.nii.gz,0,0.078772529,0,0.253428429,0,0.022726306,0,0.120611778,0
3821 WANG YAN HONG.nii.gz,0,0.099250343,0,0.03583831,0,0.005731755,0,0.027126236,0
3834 WEN XIAO FENG.nii.gz,0,0.146504221,1,0.808118427,0,0.0572746,0,0.366535093,0
3903 GAO XING MEI.nii.gz,0,0.096793944,0,0.271719038,0,0.020348672,0,0.128541346,0
3909 GU ZHUAN DI.nii.gz,0,0.107646604,0,0.224660084,0,0.035064958,0,0.118161173,0
3981 REN YU ZHU.nii.gz,0,0.086579398,0,0.083428927,0,0.020388828,0,0.052223925,0
3989 SHI CHUN E.nii.gz,1,0.162656948,1,0.935026586,0,0.141693948,0,0.461123303,1
3994 SHI SHU BIN.nii.gz,0,0.093055067,1,0.953705013,1,0.234365481,0,0.507970252,1
3998 SHI ZHU YING.nii.gz,0,0.091777613,0,0.117498092,0,0.036398085,0,0.074376041,0
4166 BAO SHUANG XIAN.nii.gz,0,0.133160188,0,0.215744019,0,0.072789235,0,0.136008244,0
4204 CHEN SHAO FEI.nii.gz,0,0.101530239,0,0.214432985,0,0.102692911,0,0.147272673,0
4223 DAO YAN FEN.nii.gz,0,0.151909892,0,0.314656734,0,0.047840412,0,0.164973889,0
4231 DONG SHU YIN.nii.gz,0,0.113471926,0,0.123408981,0,0.023125666,0,0.072273618,0
4248 JIANG YING MIN.nii.gz,0,0.077526328,1,0.69659245,0,0.010356789,0,0.291568007,0
4254 JIN YUN FANG.nii.gz,0,0.077640324,0,0.15958041,0,0.012979977,0,0.078086185,0
4255 JIN LI.nii.gz,0,0.079012035,0,0.257471025,0,0.042207955,0,0.131993591,0
4274 LI HONG MEI.nii.gz,0,0.134932562,0,0.331971318,0,0.017978897,0,0.155271232,0
4360 LIN RUI XIAN.nii.gz,0,0.116036507,0,0.330382556,0,0.037274191,0,0.162393769,0
4394 LIU YING CHUN.nii.gz,0,0.068333123,0,0.430178374,0,0.143292012,0,0.250550668,0
4408 LU XIU YU.nii.gz,1,0.169221129,0,0.266518027,0,0.02382857,0,0.135443609,0
4428 WANG FENG LIAN.nii.gz,0,0.109848036,0,0.445903927,0,0.079356774,0,0.229024761,0
4487 XIE FANG.nii.gz,0,0.125885802,0,0.196938664,0,0.040907474,0,0.111817783,0
4498 XU HONG.nii.gz,0,0.06546127,1,0.958962858,1,0.734954149,1,0.757608345,1
4506 XU FENG MIN.nii.gz,0,0.096299945,1,0.874602556,1,0.900672006,1,0.80980702,1
4508 XU HAI YAN.nii.gz,0,0.113681099,0,0.209983647,0,0.013798455,0,0.102260796,0
4515 XU YAN FEN.nii.gz,0,0.158638303,0,0.393683791,0,0.013768563,0,0.180221628,0
4522 YAN ZHU FEN.nii.gz,0,0.127937517,1,0.542428195,0,0.011280215,0,0.235405137,0
4564 YIN YU LIAN.nii.gz,0,0.089172174,0,0.453426182,0,0.054560879,0,0.21756813,0
4590 ZHAI PING.nii.gz,0,0.066125827,1,0.922848284,0,0.099812342,0,0.425658067,1
4624 ZHANG WAN CHUN.nii.gz,0,0.077201754,0,0.371480018,0,0.125463599,0,0.219043982,0
4629 ZHANG XING LI.nii.gz,0,0.092574652,0,0.099159606,0,0.024777096,0,0.061309856,0
4672 ZHENG LI YA.nii.gz,1,0.213944545,1,0.799328744,0,0.070597785,0,0.376424845,0
4677 ZHONG CHUN FENG.nii.gz,0,0.084339456,0,0.463156134,0,0.014434987,0,0.200913893,0
4689 ZHOU LIAN HUA.nii.gz,0,0.114773207,0,0.370246977,0,0.065824785,0,0.192488504,0
4690 ZHOU MI.nii.gz,0,0.103552185,0,0.37917608,1,0.171856258,0,0.24795378,0
4705 ZHU TING JIE.nii.gz,1,0.168705819,0,0.367165476,0,0.013614081,0,0.170543813,0
4724 SHI YAN.nii.gz,0,0.082984381,0,0.436852485,0,0.031881245,0,0.198980055,0
4743 BAO HONG XIAN.nii.gz,0,0.068464352,1,0.756334245,0,0.016641249,0,0.317700758,0
4761 CHEN GUAN ZHI.nii.gz,0,0.139669382,0,0.221483812,0,0.014176658,0,0.109648792,0
4769 CHEN JUAN JUAN.nii.gz,0,0.098525888,0,0.185440645,0,0.112808637,0,0.140433165,0
4772 CHEN MEI XIANG.nii.gz,0,0.142540754,0,0.149580806,0,0.019325626,0,0.083749211,0
4791 CHENG LI RONG.nii.gz,0,0.109086495,1,0.683721149,0,0.147286796,0,0.358040507,0
4848 GU YUN LI.nii.gz,0,0.064228071,1,0.93205297,1,0.918729745,1,0.838608868,1
4888 HUANG CUI ZHEN.nii.gz,1,0.285917982,1,0.724428647,0,0.14318548,1,0.389955997,1
4943 LI HAI YAN.nii.gz,0,0.148438258,0,0.37194705,1,0.161286008,0,0.24426565,0
4949 LI JIAN LING.nii.gz,1,0.190491967,0,0.450323641,0,0.050684706,0,0.224521006,0
4957 LI JUN WEI.nii.gz,0,0.067021656,0,0.412682027,0,0.020578716,0,0.182064334,0
4979 TANG ZU QIONG.nii.gz,0,0.067344316,1,0.950080454,0,0.055809696,0,0.414671461,1
4985 TIAN QIU NI.nii.gz,1,0.326101588,1,0.72882551,1,0.657662921,1,0.652971823,1
4997 WANG BAO ZHU.nii.gz,0,0.066364684,0,0.211921006,1,0.270654448,0,0.226732095,0
5022 WANG PING.nii.gz,0,0.109137363,0,0.390936762,0,0.016366389,0,0.175471636,0
5041 WANG YUN.nii.gz,1,0.170297749,0,0.218919575,0,0.027297957,0,0.118246583,0
5054 WU WANG CHUN.nii.gz,1,0.213331389,1,0.597446978,0,0.037079382,0,0.278851621,0
5077 XU QIN.nii.gz,0,0.110817052,0,0.184397131,0,0.010463787,0,0.090072451,0
5135 YANG WEN ZHEN.nii.gz,0,0.162410024,0,0.415207535,0,0.032411631,0,0.198529832,0
5139 YANG XIAO FANG.nii.gz,0,0.112459647,0,0.322907507,0,0.110677777,0,0.195747856,0
5220 ZHANG XI HUI.nii.gz,1,0.265349463,1,0.994467378,1,0.882103031,1,0.865373413,1
5230 ZHANG YU.nii.gz,0,0.118828645,0,0.445974141,1,0.523962345,1,0.452253693,1
5235 ZHANG CHUN YAN.nii.gz,1,0.329138799,1,0.735450327,1,0.340482084,0,0.497335053,1
5269 ZHOU JIA PING.nii.gz,0,0.158208016,1,0.868991315,1,0.439428015,0,0.583131335,1
5309 LI NING XI.nii.gz,0,0.082026632,1,0.70287373,0,0.146907179,0,0.362805745,0
5352 LIANG LI HUA.nii.gz,0,0.129024964,0,0.218100399,0,0.025461214,0,0.112873263,0
5602 YANG XIANG RONG.nii.gz,0,0.10685415,1,0.897626042,1,0.30442162,0,0.521946642,1
5625Zheng Qi.nii.gz,0,0.066078151,0,0.116259553,0,0.024460301,0,0.065341787,0
5658Yang Ai Hua.nii.gz,0,0.095202561,0,0.370250344,0,0.016199436,0,0.165720112,0
5694Zhou Ye.nii.gz,0,0.110293224,0,0.183021858,0,0.018045339,0,0.093260735,0
5698Duan Xiao Li.nii.gz,0,0.117541742,1,0.528500199,0,0.029776268,0,0.238042388,0
5721Guo Zhu Qiu.nii.gz,0,0.129492489,0,0.157538995,0,0.022746576,0,0.087338135,0
5726Zhu Heng Xian.nii.gz,0,0.093080542,0,0.074778266,0,0.019731633,0,0.049085177,0
5752Zhao Xian.nii.gz,0,0.094817031,1,0.765176296,0,0.033657729,0,0.332381086,0
5779Meng Cui Hui.nii.gz,0,0.153790529,0,0.253695875,0,0.018846155,0,0.12628048,0
5820Li Qi Hui.nii.gz,0,0.116406608,0,0.399396509,0,0.010500462,0,0.176649495,0
5821He Xiu Yun.nii.gz,0,0.091999647,0,0.117197476,0,0.025565985,0,0.068861948,0
5841Chen Yu Yu.nii.gz,0,0.099874229,1,0.694188535,0,0.068021139,0,0.321673406,0
5879Yan Ling Ling.nii.gz,0,0.106539485,1,0.882929325,0,0.061657785,0,0.394654571,1
5895Yang Xue Ping.nii.gz,0,0.096500174,0,0.047043264,0,0.043972328,0,0.050453487,0
5910Wang Jin Yu.nii.gz,0,0.114643365,0,0.077149816,0,0.015464759,0,0.050056642,0
5931Zhang Guang Jie.nii.gz,0,0.128361977,0,0.170747295,0,0.021256926,0,0.091763579,0
5935Su Hong Hua.nii.gz,0,0.087275786,0,0.171535119,0,0.026016633,0,0.090349943,0
5968Dan Chun Qin.nii.gz,0,0.086983847,0,0.436444253,0,0.027093795,0,0.196822983,0
5998Lin Feng Yan.nii.gz,0,0.068304578,1,0.879300356,1,0.233502055,0,0.475301628,1
6023Yu Ying Han.nii.gz,0,0.156373685,1,0.836183369,0,0.06291529,0,0.381568361,0
6043Li Mi Hua.nii.gz,0,0.117274983,0,0.396288931,0,0.06291612,0,0.201701131,0
6121Li Zhao Ling.nii.gz,0,0.135592868,0,0.172706857,0,0.017739355,0,0.091511707,0
6148Wang Ming Zhi.nii.gz,0,0.06410042,0,0.102504179,0,0.026042431,0,0.060432929,0
6156Zhou Lu.nii.gz,0,0.112183528,0,0.08110413,0,0.029221983,0,0.058270996,0
6159Guo Shu Lan.nii.gz,0,0.097464134,0,0.181395933,0,0.01250056,0,0.088555067,0
6162Yang Xiu Yun.nii.gz,0,0.069660259,0,0.201207355,0,0.033398207,0,0.104148071,0
6169Hou Qiong Zhen.nii.gz,0,0.087719364,0,0.311357051,0,0.037302762,0,0.151966138,0
6195Han Lu.nii.gz,0,0.093880365,0,0.131586477,0,0.015905992,0,0.069975623,0
6207He Li Xin.nii.gz,0,0.08464649,0,0.150667503,0,0.015463858,0,0.076463579,0
6214Li Yu.nii.gz,1,0.227297641,0,0.251230866,0,0.021400699,0,0.13392246,0
6215Chen Yong Fen.nii.gz,0,0.095251085,0,0.030498063,0,0.015575735,0,0.029512201,0
6235Yang Li Jian.nii.gz,0,0.114461567,0,0.29773578,0,0.080756333,0,0.170918635,0
6259Pu Yu Zhen.nii.gz,0,0.088546902,1,0.605215609,0,0.030856606,0,0.266369237,0
6285Zhou Ying.nii.gz,0,0.069827278,0,0.045154389,0,0.021403345,0,0.035746156,0
6290Sun Li Ying.nii.gz,0,0.154831956,0,0.464477658,0,0.082550813,0,0.242549665,0
6298Zhang Hu Mei.nii.gz,0,0.113163367,0,0.134699509,0,0.012883899,0,0.07163809,0
6319Yang De Mei.nii.gz,0,0.15274325,0,0.374527097,0,0.062362234,0,0.196266281,0
6321Zhang Guang Mei.nii.gz,0,0.10909515,1,0.989804506,1,0.858777016,1,0.836219825,1
6327Zhao Yuan Lan.nii.gz,1,0.1725492,1,0.761970878,0,0.120415163,1,0.382250853,1
6337Duan Zhao Fen.nii.gz,0,0.114897703,1,0.608219743,0,0.030802686,0,0.270179011,0
6345Huang Hong.nii.gz,0,0.123469676,1,0.547732115,0,0.021733732,0,0.24230668,0
6393Zong Yan.nii.gz,0,0.116351871,1,0.998663545,1,0.438572261,1,0.630386736,1
6411Wang Qiu Jing.nii.gz,0,0.097518829,0,0.082517564,0,0.012376102,0,0.04894696,0
6424Wang Wen.nii.gz,0,0.117746463,0,0.124434464,0,0.011416049,0,0.067256456,0
6435Li Hui Ying.nii.gz,0,0.100331637,1,0.593092263,0,0.010671294,0,0.252605716,0
6442Zhu Ya Nan.nii.gz,0,0.07609192,0,0.113480374,0,0.023573706,0,0.064788195,0
6472Chen Dan.nii.gz,0,0.062819224,1,0.657108188,0,0.015392579,0,0.276821487,0
6479Yang Li Hua.nii.gz,0,0.077235888,0,0.315363884,0,0.056313532,0,0.162025908,0
6481Guo Xue Ying.nii.gz,0,0.108937292,0,0.354989707,0,0.011765082,0,0.158772153,0
6512Chen Qiong Hua.nii.gz,0,0.108098349,1,0.568531394,0,0.030519245,0,0.253482015,0
6516Feng Shu Fen.nii.gz,0,0.096500174,0,0.333051205,1,0.64807853,1,0.466909764,1
6522Peng Gui Xian.nii.gz,0,0.102915086,0,0.368947238,0,0.023635201,0,0.169688004,0
6552Zhu Min.nii.gz,0,0.113861817,0,0.118522577,0,0.010328516,0,0.063959471,0
6561Zhang Zhong Zhen.nii.gz,0,0.085846483,0,0.043938719,0,0.010223223,0,0.031271747,0
6569Li Yun Zhen.nii.gz,1,0.18206497,0,0.074577853,0,0.007809653,0,0.051942465,0
6581Wang Hui Qiong.nii.gz,0,0.074937112,0,0.401756406,0,0.027859993,0,0.18212627,0
6593Zhang Xiu Fen.nii.gz,0,0.084817813,0,0.167724922,0,0.016780547,0,0.083962024,0
6620Zhang Xing Hui.nii.gz,0,0.109538474,1,0.998546124,1,0.861099498,1,0.840922046,1
6621Han Song Mei.nii.gz,0,0.161058312,0,0.285960704,0,0.026044185,0,0.143512205,0
6629Wang Yu Mei.nii.gz,0,0.080241857,0,0.194642663,0,0.019337817,0,0.095550159,0
6634He Hui Cheng.nii.gz,0,0.096748941,0,0.108984858,0,0.013952266,0,0.06024497,0
6666Wu Dong Fang.nii.gz,0,0.10639001,0,0.064133771,0,0.019393437,0,0.045989228,0
6685Peng Yu.nii.gz,0,0.10898728,1,0.948534191,1,0.260698227,1,0.520661518,1
6776Yuan Zi Ran.nii.gz,0,0.067033602,0,0.043921433,0,0.008060698,0,0.028302282,0
709ZHANG QIONG HUA.nii.gz,0,0.072897619,1,0.742587566,1,0.37577698,0,0.492213278,1
736XIONG KE HONG.nii.gz,0,0.125237329,1,0.90904516,1,0.790942096,1,0.771612845,1
742BAI DI.nii.gz,0,0.092061188,1,0.528156996,0,0.019677808,0,0.230307821,0
801DUAN ZHAO YA.nii.gz,0,0.1013426,0,0.225592017,0,0.104155473,0,0.152448803,0
879JIANG XING SHUANG.nii.gz,0,0.069890327,0,0.131574467,0,0.042325854,0,0.080781747,0
919LI JING.nii.gz,0,0.117550103,0,0.126890734,0,0.039882728,0,0.082452668,0
955LI XUE QIONG.nii.gz,0,0.138059408,1,0.653315842,1,0.584942232,0,0.567603394,1
97YUAN LI HONG.nii.gz,0,0.105299558,0,0.333916515,0,0.025245536,0,0.15671933,0
989LIU XIU.nii.gz,0,0.082415329,1,0.824601054,0,0.076373356,0,0.376268633,0
daiyunfang-MR020759.nii.gz,1,0.257206945,0,0.29872945,1,0.641764934,0,0.466094942,1
GuoDongMi-MR028326-20230508.nii.gz,1,0.293642032,1,0.975186765,1,0.574007722,0,0.70644277,1
HongHuiFang-MR019388.nii.gz,1,0.321445788,1,0.733335137,1,0.633050835,0,0.642004051,1
kejinzhen-MR020110.nii.gz,1,0.214520749,1,0.763570726,1,0.431590835,1,0.542675783,1
PengLiChuan-MR029182-20230530.nii.gz,1,0.321053529,1,0.850035012,1,0.549048435,1,0.646643575,1
WenGuiQin-MR029288-20230530.nii.gz,1,0.221764786,1,0.948143661,1,0.709341935,1,0.756104911,1
wujihui-MR038890.nii.gz,1,0.362956579,0,0.408286929,0,0.114521285,0,0.256871072,0
xiesiyuan-MR039125.nii.gz,1,0.323471207,1,0.998751044,1,0.85046705,1,0.857081063,1
